category,imgSrc
Sea waves wallpapper for iphone,https://i.pinimg.com/600x/a1/47/b7/a147b7c417260457dcc9da12188038b7.jpg
Sea waves wallpapper for iphone,https://i.pinimg.com/600x/22/64/40/226440c2ab5062fb29cce13a87c017bc.jpg
Sea waves wallpapper for iphone,https://i.pinimg.com/600x/ab/8e/eb/ab8eeb27e3929f0c5e04ef2a8d687b0a.jpg
Sea waves wallpapper for iphone,https://i.pinimg.com/600x/71/68/b9/7168b9336770aec771035a3566e1402c.jpg
Sea waves wallpapper for iphone,https://i.pinimg.com/600x/df/c7/22/dfc722be677b23c9c6e5916c8647e621.jpg
Sea waves wallpapper for iphone,https://i.pinimg.com/600x/c8/41/1c/c8411c8a6c3088021c55608f074d53d9.jpg
Sea waves wallpapper for iphone,https://i.pinimg.com/600x/40/35/67/4035671c6725ee0f1bd78bb244d74b5a.jpg
Sea waves wallpapper for iphone,https://i.pinimg.com/600x/d7/ac/44/d7ac44efeb06e6562451cc13a268dcc8.jpg
Sea waves wallpapper for iphone,https://i.pinimg.com/600x/27/91/d5/2791d59c4025b9d7178a8aed4ae5db5f.jpg
Sea waves wallpapper for iphone,https://i.pinimg.com/600x/12/96/69/1296698ba0eac264e38c22619d36c5b5.jpg
Sea waves wallpapper for iphone,https://i.pinimg.com/600x/b2/8e/8f/b28e8f86df3c13d9f4659a65b1193a1f.jpg
Sea waves wallpapper for iphone,https://i.pinimg.com/600x/6c/f1/a1/6cf1a1e15c8ab26b5d10eeba888dd84f.jpg
Sea waves wallpapper for iphone,https://i.pinimg.com/600x/9e/4d/83/9e4d83676da1257fc7e26ddb1ae74637.jpg
Sea waves wallpapper for iphone,https://i.pinimg.com/600x/be/97/e1/be97e100c263f184bf150e07742e72e1.jpg
Sea waves wallpapper for iphone,https://i.pinimg.com/600x/65/ae/cf/65aecf1e3770f50c63af36cb21c10b4f.jpg
Sea waves wallpapper for iphone,https://i.pinimg.com/600x/06/77/a7/0677a7a87420d91536f200d921694fb8.jpg
Sea waves wallpapper for iphone,https://i.pinimg.com/600x/e9/c7/62/e9c76212966ad2bc28706aa6c7ea94a5.jpg
Sea waves wallpapper for iphone,https://i.pinimg.com/600x/d4/e2/96/d4e296f92f38cdbff8328edae43f6cf6.jpg
Sea waves wallpapper for iphone,https://i.pinimg.com/600x/32/19/97/3219977c7a5e399b403efe454ebcb214.jpg
Sea waves wallpapper for iphone,https://i.pinimg.com/600x/9a/e5/0d/9ae50df68c32a0feb7642aeb11793930.jpg
Sea waves wallpapper for iphone,https://i.pinimg.com/600x/8a/a5/e2/8aa5e2464ce2aa9a415a9178b32bba8d.jpg
Sea waves wallpapper for iphone,https://i.pinimg.com/600x/04/1b/00/041b0098d1c24d10ea98becb50e4e9bb.jpg
Sea waves wallpapper for iphone,https://i.pinimg.com/600x/2c/80/fa/2c80fa1128ae7769a9362596346ba9d8.jpg
Sea waves wallpapper for iphone,https://i.pinimg.com/600x/ba/8c/47/ba8c47b0a04901e2cc5c54caf468d4d6.jpg
Sea waves wallpapper for iphone,https://i.pinimg.com/600x/9c/6a/cf/9c6acf661da9612fd3914ef0dee5706d.jpg
Sea waves wallpapper for iphone,https://i.pinimg.com/600x/e0/b7/55/e0b75563396f6a3b1076e5bb606b42ad.jpg
Sea waves wallpapper for iphone,https://i.pinimg.com/600x/7a/46/22/7a462237351dcf80465eb42bf702bdf6.jpg
Sea waves wallpapper for iphone,https://i.pinimg.com/600x/3c/03/47/3c0347e8d4a799783462b233e7fa9c2b.jpg
Sea waves wallpapper for iphone,https://i.pinimg.com/600x/0f/cb/de/0fcbde68766da3ccd773364071dff8da.jpg
Sea waves wallpapper for iphone,https://i.pinimg.com/600x/20/b5/ea/20b5eae8824c37708b7bebed322d78a4.jpg
Sea waves wallpapper for iphone,https://i.pinimg.com/600x/53/b4/bf/53b4bf50ec05bd204a5d05ff669ef1b3.jpg
Sea waves wallpapper for iphone,https://i.pinimg.com/600x/b9/cf/a5/b9cfa5ec6eae69e1355114636e97402d.jpg
Sea waves wallpapper for iphone,https://i.pinimg.com/600x/95/70/eb/9570eb835be57458663a4f9e92075f1c.jpg
Sea waves wallpapper for iphone,https://i.pinimg.com/600x/27/37/93/2737931716309e1b7918fecafb52e905.jpg
Sea waves wallpapper for iphone,https://i.pinimg.com/600x/95/fb/65/95fb65cc035f49fc70c206725d39398e.jpg
Sea waves wallpapper for iphone,https://i.pinimg.com/600x/c6/87/4d/c6874d6f1a2d89edf02047e43bffba9a.jpg
Sea waves wallpapper for iphone,https://i.pinimg.com/600x/2c/3b/98/2c3b98b6fcba9868a9fe6baa854b812f.jpg
Sea waves wallpapper for iphone,https://i.pinimg.com/600x/2f/f9/70/2ff970083dd9b0747934b8d192bde930.jpg
Sea waves wallpapper for iphone,https://i.pinimg.com/600x/91/a9/c3/91a9c3571689781e60d669984c0cdeb2.jpg
Sea waves wallpapper for iphone,https://i.pinimg.com/600x/20/20/47/202047c8406782b9e39b9c75a7aadbba.jpg
